{
  "providerId": "Microsoft.Tools.ServiceModel.Svcutil",
  "version": "2.1.0",
  "options": {
    "inputs": [
      "https://apps.pencom.gov.ng/ECRS/RequestSubmissionWS?WSDL"
    ],
    "namespaceMappings": [
      "*, ServiceReference"
    ],
    "outputFile": "Reference.cs",
    "references": [
      "DocumentFormat.OpenXml, {DocumentFormat.OpenXml, 3.0.2}",
      "DocumentFormat.OpenXml.Framework, {DocumentFormat.OpenXml.Framework, 3.0.2}",
      "EntityFramework, {EntityFramework, 6.4.4}",
      "EntityFramework.SqlServer, {EntityFramework, 6.4.4}",
      "Microsoft.AspNetCore.Cors, {Microsoft.AspNetCore.Cors, 2.2.0}",
      "Microsoft.AspNetCore.Hosting.Abstractions, {Microsoft.AspNetCore.Hosting.Abstractions, 2.2.0}",
      "Microsoft.AspNetCore.Hosting.Server.Abstractions, {Microsoft.AspNetCore.Hosting.Server.Abstractions, 2.2.0}",
      "Microsoft.AspNetCore.Http.Abstractions, {Microsoft.AspNetCore.Http.Abstractions, 2.2.0}",
      "Microsoft.AspNetCore.Http.Extensions, {Microsoft.AspNetCore.Http.Extensions, 2.2.0}",
      "Microsoft.AspNetCore.Http.Features, {Microsoft.AspNetCore.Http.Features, 2.2.0}",
      "Microsoft.Bcl.AsyncInterfaces, {Microsoft.Bcl.AsyncInterfaces, 8.0.0}",
      "Microsoft.Data.SqlClient, {Microsoft.Data.SqlClient, 2.0.1}",
      "Microsoft.EntityFrameworkCore, {Microsoft.EntityFrameworkCore, 5.0.4}",
      "Microsoft.EntityFrameworkCore.Abstractions, {Microsoft.EntityFrameworkCore.Abstractions, 5.0.4}",
      "Microsoft.EntityFrameworkCore.Relational, {Microsoft.EntityFrameworkCore.Relational, 5.0.4}",
      "Microsoft.EntityFrameworkCore.SqlServer, {Microsoft.EntityFrameworkCore.SqlServer, 5.0.4}",
      "Microsoft.Extensions.Caching.Abstractions, {Microsoft.Extensions.Caching.Abstractions, 5.0.0}",
      "Microsoft.Extensions.Caching.Memory, {Microsoft.Extensions.Caching.Memory, 5.0.0}",
      "Microsoft.Extensions.Configuration.Abstractions, {Microsoft.Extensions.Configuration.Abstractions, 8.0.0}",
      "Microsoft.Extensions.Configuration.Binder, {Microsoft.Extensions.Configuration.Binder, 8.0.0}",
      "Microsoft.Extensions.DependencyInjection, {Microsoft.Extensions.DependencyInjection, 8.0.0}",
      "Microsoft.Extensions.DependencyInjection.Abstractions, {Microsoft.Extensions.DependencyInjection.Abstractions, 8.0.0}",
      "Microsoft.Extensions.DependencyModel, {Microsoft.Extensions.DependencyModel, 8.0.0}",
      "Microsoft.Extensions.Diagnostics.Abstractions, {Microsoft.Extensions.Diagnostics.Abstractions, 8.0.0}",
      "Microsoft.Extensions.FileProviders.Abstractions, {Microsoft.Extensions.FileProviders.Abstractions, 8.0.0}",
      "Microsoft.Extensions.Hosting.Abstractions, {Microsoft.Extensions.Hosting.Abstractions, 8.0.0}",
      "Microsoft.Extensions.Logging, {Microsoft.Extensions.Logging, 8.0.0}",
      "Microsoft.Extensions.Logging.Abstractions, {Microsoft.Extensions.Logging.Abstractions, 8.0.0}",
      "Microsoft.Extensions.Options, {Microsoft.Extensions.Options, 8.0.0}",
      "Microsoft.Extensions.Primitives, {Microsoft.Extensions.Primitives, 8.0.0}",
      "Microsoft.IdentityModel.JsonWebTokens, {Microsoft.IdentityModel.JsonWebTokens, 5.6.0}",
      "Microsoft.IdentityModel.Logging, {Microsoft.IdentityModel.Logging, 5.6.0}",
      "Microsoft.IdentityModel.Protocols, {Microsoft.IdentityModel.Protocols, 5.6.0}",
      "Microsoft.IdentityModel.Protocols.OpenIdConnect, {Microsoft.IdentityModel.Protocols.OpenIdConnect, 5.6.0}",
      "Microsoft.IdentityModel.Tokens, {Microsoft.IdentityModel.Tokens, 5.6.0}",
      "Microsoft.Net.Http.Headers, {Microsoft.Net.Http.Headers, 2.2.0}",
      "Microsoft.OpenApi, {Microsoft.OpenApi, 1.2.3}",
      "Newtonsoft.Json, {Newtonsoft.Json, 13.0.1}",
      "RestSharp, {RestSharp, 110.2.0}",
      "Serilog, {Serilog, 3.1.1}",
      "Serilog.AspNetCore, {Serilog.AspNetCore, 8.0.1}",
      "Serilog.Extensions.Hosting, {Serilog.Extensions.Hosting, 8.0.0}",
      "Serilog.Extensions.Logging, {Serilog.Extensions.Logging, 8.0.0}",
      "Serilog.Formatting.Compact, {Serilog.Formatting.Compact, 2.0.0}",
      "Serilog.Settings.Configuration, {Serilog.Settings.Configuration, 8.0.0}",
      "Serilog.Sinks.Console, {Serilog.Sinks.Console, 5.0.0}",
      "Serilog.Sinks.Debug, {Serilog.Sinks.Debug, 2.0.0}",
      "Serilog.Sinks.File, {Serilog.Sinks.File, 5.0.0}",
      "Swashbuckle.AspNetCore.Swagger, {Swashbuckle.AspNetCore.Swagger, 5.6.3}",
      "Swashbuckle.AspNetCore.SwaggerGen, {Swashbuckle.AspNetCore.SwaggerGen, 5.6.3}",
      "Swashbuckle.AspNetCore.SwaggerUI, {Swashbuckle.AspNetCore.SwaggerUI, 5.6.3}",
      "System.CodeDom, {System.CodeDom, 4.7.0}",
      "System.Collections.Immutable, {System.Collections.Immutable, 5.0.0}",
      "System.ComponentModel.Annotations, {System.ComponentModel.Annotations, 5.0.0}",
      "System.Configuration.ConfigurationManager, {System.Configuration.ConfigurationManager, 4.7.0}",
      "System.Data.SqlClient, {System.Data.SqlClient, 4.8.1}",
      "System.Diagnostics.DiagnosticSource, {System.Diagnostics.DiagnosticSource, 8.0.0}",
      "System.IdentityModel.Tokens.Jwt, {System.IdentityModel.Tokens.Jwt, 5.6.0}",
      "System.IO.Packaging, {System.IO.Packaging, 8.0.0}",
      "System.Runtime.CompilerServices.Unsafe, {System.Runtime.CompilerServices.Unsafe, 6.0.0}",
      "System.Security.AccessControl, {System.Security.AccessControl, 4.7.0}",
      "System.Security.Cryptography.Cng, {System.Security.Cryptography.Cng, 4.5.0}",
      "System.Security.Permissions, {System.Security.Permissions, 4.7.0}",
      "System.Security.Principal.Windows, {System.Security.Principal.Windows, 4.7.0}",
      "System.Text.Encodings.Web, {System.Text.Encodings.Web, 8.0.0}",
      "System.Text.Json, {System.Text.Json, 8.0.0}",
      "System.Windows.Extensions, {System.Windows.Extensions, 4.7.0}"
    ],
    "targetFramework": "net5.0",
    "typeReuseMode": "All"
  }
}